LayerID, Total Cycles, Stall Cycles, Overall Util %, Mapping Efficiency %, Compute Util %,
0, 1919, 0, 11.116901163800591, 88.88888888888893, 8.888888888888907,
1, 8959, 0, 12.501395245005023, 100.0, 9.999999999999813,
2, 895, 0, 10.42830540037244, 83.33333333333321, 8.333333333333318,
