LayerID, Total Cycles, Stall Cycles, Overall Util %, Mapping Efficiency %, Compute Util %,
0, 12293, 0, 91.6510751376122, 92.59259259259261, 91.3760475804271,
1, 12899, 0, 74.42437398247927, 88.88888888888874, 71.11111111111155,
