LayerID, Total Cycles, Stall Cycles, Overall Util %, Mapping Efficiency %, Compute Util %,
0, 459, 0, 23.238925199709513, 33.33333333333332, 23.188405797101456,
1, 1777, 0, 31.513787281935848, 33.33333333333333, 31.496062992125978,
2, 181, 0, 25.78268876611418, 27.77777777777778, 25.64102564102564,
