LayerID, Total Cycles, Stall Cycles, Overall Util %, Mapping Efficiency %, Compute Util %,
0, 7577, 346, 74.34780695965861, 99.70501474926255, 77.89454277286136,
1, 5651, 0, 84.94071845691028, 88.88888888888893, 84.92569002123143,
