LayerID, Total Cycles, Stall Cycles, Overall Util %, Mapping Efficiency %, Compute Util %,
0, 2639, 0, 7.275483137552103, 79.99999999999994, 6.666666666666693,
1, 11087, 0, 9.091729052042933, 100.0, 8.333333333333293,
2, 934, 0, 8.993576017130621, 98.82352941176468, 8.235294117647049,
